id, type, login, gravatar_id, url, avatar_url, name, push_id, created_at 
2258984, PushEvent, teampopong, popong-web, , https://api.github.com/orgs/teampopong, https://avatars.githubusercontent.com/u/2258984?, popong-web, 2016-06-27T18:22:51Z
2258984, User, teampopong, jaehyuk, , https://api.github.com/orgs/teampopong, https://avatars.githubusercontent.com/u/2258984?, pokr.kr, 2016-06-27T08:45:01Z
2830729, PushEvent, codenamu, hoonch3, , https://api.github.com/orgs/codenamu, https://avatars.githubusercontent.com/u/2830729?, thechunsik, 2016-06-27T07:51:33Z
2830729, PushEvent, codenamu, hoonch3, , https://api.github.com/orgs/codenamu, https://avatars.githubusercontent.com/u/2830729?, hoonch3, 2016-06-27T07:44:08Z
2830729, PushEvent, codenamu, hoonch3, , https://api.github.com/orgs/codenamu, https://avatars.githubusercontent.com/u/2830729?, thechunsik, 2016-06-27T07:36:31Z
2830729, PushEvent, codenamu, hoonch3, , https://api.github.com/orgs/codenamu, https://avatars.githubusercontent.com/u/2830729?, Hoon Chang, 2016-06-27T06:56:12Z
2258984, PushEvent, teampopong, popong-web, , https://api.github.com/orgs/teampopong, https://avatars.githubusercontent.com/u/2258984?, popong-web, 2016-06-24T18:22:41Z
2258984, PushEvent, teampopong, popong-web, , https://api.github.com/orgs/teampopong, https://avatars.githubusercontent.com/u/2258984?, popong-web, 2016-06-23T18:22:39Z
7872447, PushEvent, codeforseoul, hoonch3, , https://api.github.com/orgs/codeforseoul, https://avatars.githubusercontent.com/u/7872447?, hoonch3, 2016-06-23T09:27:46Z
2830729, PushEvent, codenamu, hoonch3, , https://api.github.com/orgs/codenamu, https://avatars.githubusercontent.com/u/2830729?, Hoon Chang, 2016-06-23T09:19:34Z
2830729, PushEvent, codenamu, hoonch3, , https://api.github.com/orgs/codenamu, https://avatars.githubusercontent.com/u/2830729?, Hoon Chang, 2016-06-23T09:17:29Z
2830729, PushEvent, codenamu, hoonch3, , https://api.github.com/orgs/codenamu, https://avatars.githubusercontent.com/u/2830729?, Hoon Chang, 2016-06-23T09:16:05Z
7872447, PushEvent, codeforseoul, hoonch3, , https://api.github.com/orgs/codeforseoul, https://avatars.githubusercontent.com/u/7872447?, hoonch3, 2016-06-23T09:05:25Z
7872447, PushEvent, codeforseoul, hoonch3, , https://api.github.com/orgs/codeforseoul, https://avatars.githubusercontent.com/u/7872447?, hoonch3, 2016-06-23T08:58:29Z
7872447, User, codeforseoul, AugeCho, , https://api.github.com/orgs/codeforseoul, https://avatars.githubusercontent.com/u/7872447?, codeforseoul/FdAS, 2016-06-23T07:36:22Z
7872447, User, codeforseoul, AugeCho, , https://api.github.com/orgs/codeforseoul, https://avatars.githubusercontent.com/u/7872447?, codeforseoul/FdAS, 2016-06-23T04:41:38Z
7872447, User, codeforseoul, AugeCho, , https://api.github.com/orgs/codeforseoul, https://avatars.githubusercontent.com/u/7872447?, codeforseoul/FdAS, 2016-06-23T04:40:20Z
7872447, User, codeforseoul, AugeCho, , https://api.github.com/orgs/codeforseoul, https://avatars.githubusercontent.com/u/7872447?, codeforseoul/FdAS, 2016-06-23T04:39:43Z
7872447, User, codeforseoul, AugeCho, , https://api.github.com/orgs/codeforseoul, https://avatars.githubusercontent.com/u/7872447?, codeforseoul/FdAS, 2016-06-23T04:36:31Z
2258984, PushEvent, teampopong, popong-web, , https://api.github.com/orgs/teampopong, https://avatars.githubusercontent.com/u/2258984?, popong-web, 2016-06-22T18:22:37Z
2258984, WatchEvent, teampopong, ksseono, , https://api.github.com/orgs/teampopong, https://avatars.githubusercontent.com/u/2258984?, teampopong/crawlers, 2016-06-22T08:49:08Z
2258984, PushEvent, teampopong, e9t, , https://api.github.com/orgs/teampopong, https://avatars.githubusercontent.com/u/2258984?, Lucy Park, 2016-06-21T21:05:07Z
2258984, PushEvent, teampopong, popong-web, , https://api.github.com/orgs/teampopong, https://avatars.githubusercontent.com/u/2258984?, popong-web, 2016-06-21T18:22:33Z
2258984, PushEvent, teampopong, popong-web, , https://api.github.com/orgs/teampopong, https://avatars.githubusercontent.com/u/2258984?, popong-web, 2016-06-20T18:22:28Z
2258984, PushEvent, teampopong, popong-web, , https://api.github.com/orgs/teampopong, https://avatars.githubusercontent.com/u/2258984?, popong-web, 2016-06-17T18:22:17Z
2830729, PushEvent, codenamu, hoonch3, , https://api.github.com/orgs/codenamu, https://avatars.githubusercontent.com/u/2830729?, Hoon Chang, 2016-06-17T04:41:38Z
2830729, PushEvent, codenamu, hoonch3, , https://api.github.com/orgs/codenamu, https://avatars.githubusercontent.com/u/2830729?, Hoon Chang, 2016-06-17T04:31:12Z
2830729, PushEvent, codenamu, hoonch3, , https://api.github.com/orgs/codenamu, https://avatars.githubusercontent.com/u/2830729?, Hoon Chang, 2016-06-17T04:29:07Z
2830729, WatchEvent, codenamu, woojing, , https://api.github.com/orgs/codenamu, https://avatars.githubusercontent.com/u/2830729?, codenamu/official-assets-explorer, 2016-06-17T03:30:07Z
2830729, PushEvent, codenamu, hoonch3, , https://api.github.com/orgs/codenamu, https://avatars.githubusercontent.com/u/2830729?, Hoon Chang, 2016-06-17T01:31:01Z
2830729, PushEvent, codenamu, hoonch3, , https://api.github.com/orgs/codenamu, https://avatars.githubusercontent.com/u/2830729?, Hoon Chang, 2016-06-17T01:29:58Z
2830729, PushEvent, codenamu, hoonch3, , https://api.github.com/orgs/codenamu, https://avatars.githubusercontent.com/u/2830729?, Hoon Chang, 2016-06-17T01:26:08Z
2830729, PushEvent, codenamu, hoonch3, , https://api.github.com/orgs/codenamu, https://avatars.githubusercontent.com/u/2830729?, Hoon Chang, 2016-06-17T01:23:17Z
2258984, PushEvent, teampopong, popong-web, , https://api.github.com/orgs/teampopong, https://avatars.githubusercontent.com/u/2258984?, popong-web, 2016-06-16T18:22:14Z
2258984, PushEvent, teampopong, popong-web, , https://api.github.com/orgs/teampopong, https://avatars.githubusercontent.com/u/2258984?, popong-web, 2016-06-15T18:22:11Z
2258984, PushEvent, teampopong, e9t, , https://api.github.com/orgs/teampopong, https://avatars.githubusercontent.com/u/2258984?, Lucy Park, 2016-06-15T03:24:10Z
2258984, User, teampopong, e9t, , https://api.github.com/orgs/teampopong, https://avatars.githubusercontent.com/u/2258984?, popong.com-glossary, 2016-06-15T03:24:09Z
2258984, Organization, teampopong, q1c, , https://api.github.com/orgs/teampopong, https://avatars.githubusercontent.com/u/2258984?, popong.com-glossary, 2016-06-15T03:23:11Z
2258984, User, teampopong, q1c, , https://api.github.com/orgs/teampopong, https://avatars.githubusercontent.com/u/2258984?, popong.com-glossary, 2016-06-15T03:15:55Z
2258984, PushEvent, teampopong, popong-web, , https://api.github.com/orgs/teampopong, https://avatars.githubusercontent.com/u/2258984?, popong-web, 2016-06-14T18:22:10Z
2830729, PushEvent, codenamu, hoonch3, , https://api.github.com/orgs/codenamu, https://avatars.githubusercontent.com/u/2830729?, Hoon Chang, 2016-06-14T06:29:49Z
2830729, User, codenamu, hoonch3, , https://api.github.com/orgs/codenamu, https://avatars.githubusercontent.com/u/2830729?, codenamu/official-assets-explorer, 2016-06-14T02:19:49Z
2258984, PushEvent, teampopong, popong-web, , https://api.github.com/orgs/teampopong, https://avatars.githubusercontent.com/u/2258984?, popong-web, 2016-06-13T18:21:46Z
2830729, WatchEvent, codenamu, lexifdev, , https://api.github.com/orgs/codenamu, https://avatars.githubusercontent.com/u/2830729?, codenamu/official-assets-explorer, 2016-06-13T11:50:17Z
2830729, User, codenamu, mozodev, , https://api.github.com/orgs/codenamu, https://avatars.githubusercontent.com/u/2830729?, codenamu/official-assets-explorer, 2016-06-13T11:36:17Z
2830729, User, codenamu, mozodev, , https://api.github.com/orgs/codenamu, https://avatars.githubusercontent.com/u/2830729?, official-assets-explorer, 2016-06-13T11:25:33Z
2830729, PushEvent, codenamu, mozodev, , https://api.github.com/orgs/codenamu, https://avatars.githubusercontent.com/u/2830729?, Yeongtaek Hong, 2016-06-13T11:25:33Z
2830729, PushEvent, codenamu, hoonch3, , https://api.github.com/orgs/codenamu, https://avatars.githubusercontent.com/u/2830729?, Hoon Chang, 2016-06-13T03:14:20Z
2830729, PushEvent, codenamu, hoonch3, , https://api.github.com/orgs/codenamu, https://avatars.githubusercontent.com/u/2830729?, Hoon Chang, 2016-06-13T02:47:18Z
2258984, WatchEvent, teampopong, ianstream, , https://api.github.com/orgs/teampopong, https://avatars.githubusercontent.com/u/2258984?, teampopong/pokr.kr, 2016-06-11T09:49:44Z
2258984, PushEvent, teampopong, popong-web, , https://api.github.com/orgs/teampopong, https://avatars.githubusercontent.com/u/2258984?, popong-web, 2016-06-10T18:21:32Z
2258984, WatchEvent, teampopong, chul0812, , https://api.github.com/orgs/teampopong, https://avatars.githubusercontent.com/u/2258984?, teampopong/pokr.kr, 2016-06-10T12:55:14Z
2258984, PushEvent, teampopong, popong-web, , https://api.github.com/orgs/teampopong, https://avatars.githubusercontent.com/u/2258984?, popong-web, 2016-06-09T18:21:30Z
2258984, PushEvent, teampopong, popong-web, , https://api.github.com/orgs/teampopong, https://avatars.githubusercontent.com/u/2258984?, popong-web, 2016-06-08T18:21:28Z
2830729, PushEvent, codenamu, hoonch3, , https://api.github.com/orgs/codenamu, https://avatars.githubusercontent.com/u/2830729?, Hoon Chang, 2016-06-08T09:50:37Z
2258984, PushEvent, teampopong, popong-web, , https://api.github.com/orgs/teampopong, https://avatars.githubusercontent.com/u/2258984?, popong-web, 2016-06-07T18:21:24Z
2830729, PushEvent, codenamu, hoonch3, , https://api.github.com/orgs/codenamu, https://avatars.githubusercontent.com/u/2830729?, Hoon Chang, 2016-06-07T02:12:31Z
2258984, PushEvent, teampopong, popong-web, , https://api.github.com/orgs/teampopong, https://avatars.githubusercontent.com/u/2258984?, popong-web, 2016-06-06T18:21:17Z
2258984, PushEvent, teampopong, popong-web, , https://api.github.com/orgs/teampopong, https://avatars.githubusercontent.com/u/2258984?, popong-web, 2016-06-03T18:21:10Z
2258984, WatchEvent, teampopong, Pusnow, , https://api.github.com/orgs/teampopong, https://avatars.githubusercontent.com/u/2258984?, teampopong/data-for-rnd, 2016-06-03T12:23:46Z
2258984, PushEvent, teampopong, popong-web, , https://api.github.com/orgs/teampopong, https://avatars.githubusercontent.com/u/2258984?, popong-web, 2016-06-02T18:21:08Z
2830729, PushEvent, codenamu, hoonch3, , https://api.github.com/orgs/codenamu, https://avatars.githubusercontent.com/u/2830729?, Hoon Chang, 2016-06-02T08:45:04Z
2258984, PushEvent, teampopong, popong-web, , https://api.github.com/orgs/teampopong, https://avatars.githubusercontent.com/u/2258984?, popong-web, 2016-06-01T18:21:02Z
2830729, PushEvent, codenamu, hoonch3, , https://api.github.com/orgs/codenamu, https://avatars.githubusercontent.com/u/2830729?, Hoon Chang, 2016-06-01T08:21:34Z
2830729, PushEvent, codenamu, hoonch3, , https://api.github.com/orgs/codenamu, https://avatars.githubusercontent.com/u/2830729?, Hoon Chang, 2016-06-01T08:07:57Z
2830729, PushEvent, codenamu, hoonch3, , https://api.github.com/orgs/codenamu, https://avatars.githubusercontent.com/u/2830729?, Hoon Chang, 2016-06-01T07:30:45Z
14758651, PushEvent, codeforincheon, yoohoogun114, , https://api.github.com/orgs/codeforincheon, https://avatars.githubusercontent.com/u/14758651?, yuhogyun, 2016-06-01T04:23:32Z
2830729, PushEvent, codenamu, hoonch3, , https://api.github.com/orgs/codenamu, https://avatars.githubusercontent.com/u/2830729?, Hoon Chang, 2016-06-01T01:03:26Z
2258984, PushEvent, teampopong, popong-web, , https://api.github.com/orgs/teampopong, https://avatars.githubusercontent.com/u/2258984?, popong-web, 2016-05-31T18:21:09Z
7872447, User, codeforseoul, taosiqin1991, , https://api.github.com/orgs/codeforseoul, https://avatars.githubusercontent.com/u/7872447?, visualizing-transport, 2016-05-31T12:13:25Z
2830742, PushEvent, peace-code, mozodev, , https://api.github.com/orgs/peace-code, https://avatars.githubusercontent.com/u/2830742?, Yeongtaek, Hong, 2016-05-31T03:11:35Z
7872447, User, codeforseoul, AugeCho, , https://api.github.com/orgs/codeforseoul, https://avatars.githubusercontent.com/u/7872447?, codeforseoul/FdAS, 2016-05-31T02:51:18Z
7872447, User, codeforseoul, AugeCho, , https://api.github.com/orgs/codeforseoul, https://avatars.githubusercontent.com/u/7872447?, codeforseoul/FdAS, 2016-05-31T02:50:09Z
2830742, PushEvent, peace-code, mozodev, , https://api.github.com/orgs/peace-code, https://avatars.githubusercontent.com/u/2830742?, Yeongtaek, Hong, 2016-05-31T02:39:42Z
2830742, PushEvent, peace-code, mozodev, , https://api.github.com/orgs/peace-code, https://avatars.githubusercontent.com/u/2830742?, mozodev, 2016-05-30T12:00:43Z
2830742, PushEvent, peace-code, mozodev, , https://api.github.com/orgs/peace-code, https://avatars.githubusercontent.com/u/2830742?, mozodev, 2016-05-30T11:16:01Z
14758651, PushEvent, codeforincheon, yoohoogun114, , https://api.github.com/orgs/codeforincheon, https://avatars.githubusercontent.com/u/14758651?, yuhogyun, 2016-05-28T02:05:29Z
14758651, PushEvent, codeforincheon, yoohoogun114, , https://api.github.com/orgs/codeforincheon, https://avatars.githubusercontent.com/u/14758651?, yuhogyun, 2016-05-27T14:54:40Z
14758651, PushEvent, codeforincheon, yoohoogun114, , https://api.github.com/orgs/codeforincheon, https://avatars.githubusercontent.com/u/14758651?, yuhogyun, 2016-05-22T03:56:02Z
14758651, PushEvent, codeforincheon, yoohoogun114, , https://api.github.com/orgs/codeforincheon, https://avatars.githubusercontent.com/u/14758651?, yuhogyun, 2016-05-22T03:55:46Z
14758651, PushEvent, codeforincheon, yoohoogun114, , https://api.github.com/orgs/codeforincheon, https://avatars.githubusercontent.com/u/14758651?, yuhogyun, 2016-05-22T03:44:48Z
14758651, PushEvent, codeforincheon, yoohoogun114, , https://api.github.com/orgs/codeforincheon, https://avatars.githubusercontent.com/u/14758651?, yuhogyun, 2016-05-22T03:44:17Z
7872447, WatchEvent, codeforseoul, , https://api.github.com/orgs/codeforseoul, https://avatars.githubusercontent.com/u/7872447?, codeforseoul/congress-report-web, started, 2016-05-14T08:35:03Z
7872447, WatchEvent, codeforseoul, , https://api.github.com/orgs/codeforseoul, https://avatars.githubusercontent.com/u/7872447?, codeforseoul/data, started, 2016-05-09T11:11:02Z
7872447, WatchEvent, codeforseoul, , https://api.github.com/orgs/codeforseoul, https://avatars.githubusercontent.com/u/7872447?, codeforseoul/jonmat, started, 2016-05-02T15:29:33Z
14758651, PushEvent, codeforincheon, , https://api.github.com/orgs/codeforincheon, https://avatars.githubusercontent.com/u/14758651?, yuhogyun, 1091900812, 2016-05-01T11:58:46Z
7872447, User, codeforseoul, , https://api.github.com/orgs/codeforseoul, https://avatars.githubusercontent.com/u/7872447?, dataonkorea, fleecycloud215/dataonkorea, 2016-04-30T19:50:30Z
7872447, User, codeforseoul, , https://api.github.com/orgs/codeforseoul, https://avatars.githubusercontent.com/u/7872447?, help wanted, opened, 2016-04-29T12:06:07Z
14758651, CreateEvent, codeforincheon, , https://api.github.com/orgs/codeforincheon, https://avatars.githubusercontent.com/u/14758651?, codeforincheon/syl_mobile, master, 2016-04-27T06:55:28Z
14758651, CreateEvent, codeforincheon, , https://api.github.com/orgs/codeforincheon, https://avatars.githubusercontent.com/u/14758651?, codeforincheon/syl_mobile, repository, 2016-04-27T06:47:56Z
14758651, CreateEvent, codeforincheon, , https://api.github.com/orgs/codeforincheon, https://avatars.githubusercontent.com/u/14758651?, codeforincheon/syl_mobile, master, 2016-04-27T06:46:26Z
14758651, CreateEvent, codeforincheon, , https://api.github.com/orgs/codeforincheon, https://avatars.githubusercontent.com/u/14758651?, codeforincheon/syl_mobile, repository, 2016-04-27T06:43:10Z
7872447, WatchEvent, codeforseoul, , https://api.github.com/orgs/codeforseoul, https://avatars.githubusercontent.com/u/7872447?, codeforseoul/codeforseoul.github.io, started, 2016-04-25T14:55:30Z
7872447, WatchEvent, codeforseoul, , https://api.github.com/orgs/codeforseoul, https://avatars.githubusercontent.com/u/7872447?, codeforseoul/jonmat, started, 2016-04-25T14:55:20Z
7872447, User, codeforseoul, , https://api.github.com/orgs/codeforseoul, https://avatars.githubusercontent.com/u/7872447?, jonmat, mingyu-lee/jonmat, 2016-04-23T11:39:40Z
14758651, PushEvent, codeforincheon, , https://api.github.com/orgs/codeforincheon, https://avatars.githubusercontent.com/u/14758651?, yuhogyun, 1074479180, 2016-04-20T00:45:30Z
14758651, PushEvent, codeforincheon, , https://api.github.com/orgs/codeforincheon, https://avatars.githubusercontent.com/u/14758651?, yuhogyun, 1074478929, 2016-04-20T00:45:11Z
14758651, PushEvent, codeforincheon, , https://api.github.com/orgs/codeforincheon, https://avatars.githubusercontent.com/u/14758651?, yuhogyun, 1074474369, 2016-04-20T00:39:50Z
14758651, PushEvent, codeforincheon, , https://api.github.com/orgs/codeforincheon, https://avatars.githubusercontent.com/u/14758651?, yuhogyun, 1074473722, 2016-04-20T00:39:04Z
14758651, PushEvent, codeforincheon, , https://api.github.com/orgs/codeforincheon, https://avatars.githubusercontent.com/u/14758651?, yuhogyun, 1072986847, 2016-04-19T08:50:08Z
14758651, PushEvent, codeforincheon, , https://api.github.com/orgs/codeforincheon, https://avatars.githubusercontent.com/u/14758651?, yuhogyun, 1072986531, 2016-04-19T08:49:53Z
14758651, PushEvent, codeforincheon, , https://api.github.com/orgs/codeforincheon, https://avatars.githubusercontent.com/u/14758651?, yuhogyun, 1072850794, 2016-04-19T07:09:10Z
14758651, PushEvent, codeforincheon, , https://api.github.com/orgs/codeforincheon, https://avatars.githubusercontent.com/u/14758651?, yuhogyun, 1072850188, 2016-04-19T07:08:35Z
14758651, PushEvent, codeforincheon, , https://api.github.com/orgs/codeforincheon, https://avatars.githubusercontent.com/u/14758651?, yuhogyun, 1072850004, 2016-04-19T07:08:25Z
14758651, PushEvent, codeforincheon, , https://api.github.com/orgs/codeforincheon, https://avatars.githubusercontent.com/u/14758651?, yuhogyun, 1072848507, 2016-04-19T07:07:07Z
14758651, PushEvent, codeforincheon, , https://api.github.com/orgs/codeforincheon, https://avatars.githubusercontent.com/u/14758651?, yuhogyun, 1072848317, 2016-04-19T07:06:57Z
7872447, Organization, codeforseoul, , https://api.github.com/orgs/codeforseoul, https://avatars.githubusercontent.com/u/7872447?, how-much-shoveling, techtronics/how-much-shoveling, 2016-04-15T14:47:27Z
7872447, User, codeforseoul, , https://api.github.com/orgs/codeforseoul, https://avatars.githubusercontent.com/u/7872447?, codeacross-2016, swcheon/codeacross-2016, 2016-04-15T06:38:51Z
7872447, WatchEvent, codeforseoul, , https://api.github.com/orgs/codeforseoul, https://avatars.githubusercontent.com/u/7872447?, codeforseoul/codeacross-2016, started, 2016-04-15T06:38:03Z
14758651, PushEvent, codeforincheon, , https://api.github.com/orgs/codeforincheon, https://avatars.githubusercontent.com/u/14758651?, heewon0704, 1038887514, 2016-03-27T14:55:36Z
14758651, PushEvent, codeforincheon, , https://api.github.com/orgs/codeforincheon, https://avatars.githubusercontent.com/u/14758651?, heewon0704, 1038887368, 2016-03-27T14:55:19Z
14758651, PushEvent, codeforincheon, , https://api.github.com/orgs/codeforincheon, https://avatars.githubusercontent.com/u/14758651?, heewon0704, 1038885427, 2016-03-27T14:51:27Z
14758651, PushEvent, codeforincheon, , https://api.github.com/orgs/codeforincheon, https://avatars.githubusercontent.com/u/14758651?, heewon0704, 1038884905, 2016-03-27T14:50:25Z
14758651, PushEvent, codeforincheon, , https://api.github.com/orgs/codeforincheon, https://avatars.githubusercontent.com/u/14758651?, heewon0704, 1038869974, 2016-03-27T14:19:06Z
14758651, PushEvent, codeforincheon, , https://api.github.com/orgs/codeforincheon, https://avatars.githubusercontent.com/u/14758651?, heewon0704, 1038864282, 2016-03-27T14:06:46Z
7872447, WatchEvent, codeforseoul, , https://api.github.com/orgs/codeforseoul, https://avatars.githubusercontent.com/u/7872447?, codeforseoul/data, started, 2016-03-25T21:23:10Z
7872447, User, codeforseoul, , https://api.github.com/orgs/codeforseoul, https://avatars.githubusercontent.com/u/7872447?, data, lexifdev/data, 2016-03-25T15:01:28Z
7872447, User, codeforseoul, , https://api.github.com/orgs/codeforseoul, https://avatars.githubusercontent.com/u/7872447?, data, minwook-shin/data, 2016-03-25T13:03:04Z
16810391, WatchEvent, showcase-framework, , https://api.github.com/orgs/showcase-framework, https://avatars.githubusercontent.com/u/16810391?, showcase-framework/showcase, started, 2016-03-24T15:34:54Z
14758651, PushEvent, codeforincheon, , https://api.github.com/orgs/codeforincheon, https://avatars.githubusercontent.com/u/14758651?, yuhogyun, 1029840945, 2016-03-21T10:21:46Z
7872447, User, codeforseoul, , https://api.github.com/orgs/codeforseoul, https://avatars.githubusercontent.com/u/7872447?, codeforseoul/jonmat, opened, 2016-03-17T18:09:07Z
7872447, User, codeforseoul, , https://api.github.com/orgs/codeforseoul, https://avatars.githubusercontent.com/u/7872447?, codeforseoul/jonmat, opened, 2016-03-17T18:08:34Z
7872447, User, codeforseoul, , https://api.github.com/orgs/codeforseoul, https://avatars.githubusercontent.com/u/7872447?, how-to-contribute, mingyu-lee/how-to-contribute, 2016-03-15T04:28:40Z
7872447, PushEvent, codeforseoul, , https://api.github.com/orgs/codeforseoul, https://avatars.githubusercontent.com/u/7872447?, git_dump, 1019953939, 2016-03-14T16:51:00Z
7872447, User, codeforseoul, , https://api.github.com/orgs/codeforseoul, https://avatars.githubusercontent.com/u/7872447?, FdAS, mingyu-lee/FdAS, 2016-03-14T05:13:55Z
16810391, PushEvent, showcase-framework, , https://api.github.com/orgs/showcase-framework, https://avatars.githubusercontent.com/u/16810391?, hoony, 963483264, 2016-02-04T09:40:18Z
16810391, PushEvent, showcase-framework, , https://api.github.com/orgs/showcase-framework, https://avatars.githubusercontent.com/u/16810391?, hoony, 963478909, 2016-02-04T09:36:59Z
16810391, PushEvent, showcase-framework, , https://api.github.com/orgs/showcase-framework, https://avatars.githubusercontent.com/u/16810391?, hoony, 962066870, 2016-02-03T14:25:50Z
